User_ID,Run_Number,File_Number,Execution_Time_sec
5,1,18,0.07078909873962402
1,1,18,0.07901811599731445
3,1,18,0.08139705657958984
12,1,18,0.07042789459228516
4,1,18,0.07941079139709473
2,1,18,0.07605385780334473
10,1,18,0.07339215278625488
7,1,18,0.07546329498291016
13,1,18,0.07612180709838867
6,1,18,0.08175778388977051
16,1,18,0.09305596351623535
14,1,18,0.0912942886352539
9,1,18,0.0990450382232666
15,1,18,0.09524202346801758
11,1,18,0.09515094757080078
8,1,18,0.10354399681091309
5,1,19,0.05774402618408203
1,1,19,0.06883096694946289
7,1,19,0.05722308158874512
12,1,19,0.06717610359191895
4,1,19,0.06534695625305176
10,1,19,0.0663759708404541
3,1,19,0.07140588760375977
2,1,19,0.06984663009643555
6,1,19,0.05758786201477051
13,1,19,0.07522702217102051
14,1,19,0.056871891021728516
15,1,19,0.05875992774963379
16,1,19,0.06512999534606934
11,1,19,0.06672811508178711
9,1,19,0.07287406921386719
8,1,19,0.06957697868347168
5,1,1,0.06697487831115723
1,1,1,0.05846095085144043
7,1,1,0.058609962463378906
4,1,1,0.057798147201538086
10,1,1,0.05695509910583496
3,1,1,0.05945086479187012
12,1,1,0.06412410736083984
2,1,1,0.05844998359680176
13,1,1,0.0686349868774414
6,1,1,0.0854802131652832
16,1,1,0.0688021183013916
14,1,1,0.07682991027832031
15,1,1,0.07125997543334961
11,1,1,0.06613779067993164
9,1,1,0.06440615653991699
8,1,1,0.07065796852111816
5,1,12,0.07673406600952148
7,1,12,0.0746469497680664
10,1,12,0.07213306427001953
1,1,12,0.0795440673828125
3,1,12,0.07903409004211426
4,1,12,0.08338212966918945
2,1,12,0.08130693435668945
12,1,12,0.08343315124511719
14,1,12,0.05396294593811035
13,1,12,0.06318330764770508
15,1,12,0.06727099418640137
6,1,12,0.0711510181427002
16,1,12,0.07458305358886719
9,1,12,0.06888198852539062
11,1,12,0.07266592979431152
8,1,12,0.06162095069885254
5,1,13,0.06252694129943848
10,1,13,0.05846810340881348
7,1,13,0.059967994689941406
1,1,13,0.056394338607788086
4,1,13,0.05956101417541504
3,1,13,0.062013864517211914
2,1,13,0.058812856674194336
13,1,13,0.06323981285095215
12,1,13,0.06465888023376465
14,1,13,0.0661933422088623
15,1,13,0.05992603302001953
6,1,13,0.06267690658569336
16,1,13,0.05825400352478027
9,1,13,0.0651552677154541
11,1,13,0.06595683097839355
8,1,13,0.06538701057434082
3,1,21,0.11178016662597656
10,1,21,0.1332869529724121
13,1,21,0.11861515045166016
14,1,21,0.11832404136657715
2,1,21,0.12907695770263672
8,1,21,0.09685206413269043
7,1,21,0.14482402801513672
12,1,21,0.12462401390075684
6,1,21,0.11252784729003906
15,1,21,0.11631488800048828
1,1,21,0.1483142375946045
11,1,21,0.10479307174682617
16,1,21,0.11392807960510254
4,1,21,0.14124488830566406
9,1,21,0.11510801315307617
3,1,20,0.07481598854064941
10,1,20,0.07059311866760254
13,1,20,0.08657717704772949
8,1,20,0.0818779468536377
7,1,20,0.08716487884521484
12,1,20,0.09398293495178223
5,1,21,0.2686028480529785
2,1,20,0.12868404388427734
11,1,20,0.1207427978515625
4,1,20,0.12405514717102051
14,1,20,0.1433260440826416
15,1,20,0.1461334228515625
9,1,20,0.14354705810546875
7,1,7,0.07614684104919434
3,1,7,0.11081600189208984
16,1,20,0.15751385688781738
10,1,7,0.10951018333435059
6,1,20,0.15224766731262207
1,1,20,0.15631794929504395
13,1,7,0.08761072158813477
8,1,7,0.08776021003723145
12,1,7,0.07599210739135742
2,1,7,0.06125998497009277
5,1,20,0.07383203506469727
11,1,7,0.0610198974609375
4,1,7,0.06147003173828125
14,1,7,0.07793211936950684
15,1,7,0.06039595603942871
3,1,6,0.05655097961425781
8,1,6,0.05398702621459961
10,1,6,0.0593719482421875
12,1,6,0.051271915435791016
13,1,6,0.05677223205566406
7,1,6,0.060096025466918945
1,1,7,0.06556272506713867
9,1,7,0.07357406616210938
6,1,7,0.0730438232421875
16,1,7,0.0707099437713623
11,1,6,0.059262990951538086
2,1,6,0.06288290023803711
4,1,6,0.06123089790344238
5,1,7,0.06691694259643555
15,1,6,0.055963993072509766
14,1,6,0.06488394737243652
3,1,15,0.0659031867980957
8,1,15,0.06062579154968262
10,1,15,0.06319189071655273
9,1,6,0.05670571327209473
13,1,15,0.06284022331237793
12,1,15,0.06495189666748047
6,1,6,0.057158708572387695
7,1,15,0.06761813163757324
1,1,6,0.06698799133300781
16,1,6,0.05696368217468262
11,1,15,0.053475141525268555
5,1,6,0.04959607124328613
2,1,15,0.06225895881652832
4,1,15,0.06037497520446777
15,1,15,0.06852483749389648
3,1,14,0.05796217918395996
14,1,15,0.06137704849243164
8,1,14,0.06243610382080078
10,1,14,0.06038093566894531
9,1,15,0.06403613090515137
13,1,14,0.06060981750488281
7,1,14,0.05854487419128418
12,1,14,0.06276988983154297
6,1,15,0.06018996238708496
1,1,15,0.05812883377075195
11,1,14,0.057981014251708984
16,1,15,0.06353569030761719
5,1,15,0.060125112533569336
4,1,14,0.05137896537780762
2,1,14,0.060932159423828125
15,1,14,0.0698397159576416
3,1,9,0.07004094123840332
14,1,14,0.0747840404510498
8,1,9,0.06767892837524414
9,1,14,0.06382608413696289
16,1,14,0.05758476257324219
1,1,14,0.06219124794006348
6,1,14,0.06386685371398926
13,1,9,0.06769108772277832
12,1,9,0.07063412666320801
4,1,9,0.06531620025634766
11,1,9,0.0708773136138916
10,1,9,0.08126521110534668
7,1,9,0.0779571533203125
5,1,14,0.0716409683227539
2,1,9,0.06352090835571289
15,1,9,0.06415486335754395
3,1,8,0.06577396392822266
8,1,8,0.06027507781982422
9,1,9,0.0603790283203125
14,1,9,0.06471395492553711
16,1,9,0.0651090145111084
4,1,8,0.05942678451538086
13,1,8,0.06546139717102051
7,1,8,0.057952165603637695
10,1,8,0.06119179725646973
2,1,8,0.05989980697631836
12,1,8,0.06749796867370605
11,1,8,0.0672609806060791
1,1,9,0.07596182823181152
6,1,9,0.0769500732421875
5,1,9,0.07401800155639648
3,1,11,0.06920099258422852
15,1,8,0.08100605010986328
9,1,8,0.07871365547180176
10,1,11,0.06450295448303223
6,1,8,0.059864044189453125
4,1,11,0.07002496719360352
8,1,11,0.08431196212768555
16,1,8,0.07573676109313965
12,1,11,0.06671500205993652
1,1,8,0.06359672546386719
14,1,8,0.08295512199401855
13,1,11,0.0759131908416748
2,1,11,0.07497000694274902
7,1,11,0.08028507232666016
11,1,11,0.07435798645019531
5,1,8,0.07649612426757812
9,1,11,0.06025981903076172
15,1,11,0.06302881240844727
6,1,11,0.06299614906311035
16,1,11,0.06105804443359375
5,1,11,0.07908034324645996
14,1,11,0.10173487663269043
3,1,10,0.12687897682189941
1,1,11,0.11297893524169922
7,1,10,0.13855481147766113
12,1,10,0.15024614334106445
11,1,10,0.150543212890625
10,1,10,0.17729783058166504
4,1,10,0.18407607078552246
8,1,10,0.18002104759216309
3,1,3,0.09284186363220215
13,1,10,0.1974949836730957
2,1,10,0.19801092147827148
6,1,10,0.17528414726257324
9,1,10,0.1845870018005371
15,1,10,0.18353891372680664
12,1,3,0.08975887298583984
16,1,10,0.18405580520629883
7,1,3,0.10099482536315918
11,1,3,0.08819103240966797
10,1,3,0.07635998725891113
1,1,10,0.14005112648010254
5,1,10,0.15681886672973633
14,1,10,0.15628719329833984
4,1,3,0.07981014251708984
8,1,3,0.07761716842651367
13,1,3,0.07055425643920898
2,1,3,0.06912374496459961
6,1,3,0.07772994041442871
9,1,3,0.07769083976745605
3,1,2,0.11634993553161621
16,1,3,0.07185888290405273
15,1,3,0.07737088203430176
5,1,3,0.08197402954101562
1,1,3,0.08617758750915527
14,1,3,0.08253598213195801
12,1,2,0.1421339511871338
11,1,2,0.1385338306427002
8,1,2,0.12651300430297852
10,1,2,0.15114212036132812
13,1,2,0.12778282165527344
7,1,2,0.1686110496520996
4,1,2,0.1552441120147705
2,1,2,0.16040897369384766
3,1,16,0.11851906776428223
6,1,2,0.12602925300598145
9,1,2,0.12555599212646484
15,1,2,0.1346280574798584
16,1,2,0.1365208625793457
14,1,2,0.14832210540771484
1,1,2,0.1704881191253662
5,1,2,0.17357110977172852
3,1,17,0.08609199523925781
11,1,16,0.13612580299377441
8,1,16,0.14119505882263184
10,1,16,0.12946629524230957
13,1,16,0.12922096252441406
12,1,16,0.15787196159362793
7,1,16,0.1301732063293457
4,1,16,0.1330409049987793
6,1,16,0.11026620864868164
9,1,16,0.11034607887268066
2,1,16,0.11774086952209473
15,1,16,0.11385893821716309
16,1,16,0.12399792671203613
8,1,17,0.05958294868469238
3,1,22,0.06491303443908691
11,1,17,0.06481790542602539
13,1,17,0.05755901336669922
10,1,17,0.062896728515625
7,1,17,0.061180830001831055
2,1,17,0.05669713020324707
4,1,17,0.06278085708618164
9,1,17,0.06772208213806152
6,1,17,0.06818485260009766
15,1,17,0.05158710479736328
1,1,16,0.1289360523223877
16,1,17,0.05811786651611328
8,1,22,0.07193493843078613
13,1,22,0.07168006896972656
10,1,22,0.06945490837097168
3,1,4,0.07613110542297363
7,1,22,0.061064958572387695
4,1,22,0.07127594947814941
12,1,22,0.07580184936523438
11,1,22,0.09323692321777344
5,1,16,0.17504501342773438
6,1,22,0.07097291946411133
15,1,22,0.0674440860748291
9,1,22,0.07166910171508789
2,1,22,0.08142876625061035
1,1,17,0.05398201942443848
14,1,16,0.20634794235229492
16,1,22,0.07165718078613281
8,1,4,0.060479164123535156
13,1,4,0.058013200759887695
3,1,5,0.054467201232910156
10,1,4,0.056607961654663086
7,1,4,0.06665682792663574
11,1,4,0.05728793144226074
12,1,4,0.05641913414001465
4,1,4,0.059081315994262695
5,1,17,0.05823802947998047
15,1,4,0.0639188289642334
9,1,4,0.06429600715637207
2,1,4,0.06330585479736328
14,1,17,0.06058979034423828
6,1,4,0.06561899185180664
1,1,22,0.0719459056854248
8,1,5,0.05947589874267578
13,1,5,0.06257224082946777
16,1,4,0.07346415519714355
10,1,5,0.08433008193969727
7,1,5,0.07253789901733398
12,1,5,0.06759381294250488
5,1,22,0.06518673896789551
4,1,5,0.0678708553314209
11,1,5,0.06951022148132324
15,1,5,0.057028770446777344
14,1,22,0.05479598045349121
2,1,5,0.07374095916748047
9,1,5,0.0751039981842041
1,1,4,0.08564186096191406
16,1,5,0.0775611400604248
5,1,4,0.053047895431518555
14,1,4,0.07838726043701172
5,1,5,0.07350897789001465
1,1,5,0.08383393287658691
14,1,5,0.08312606811523438
6,1,5,0.24398088455200195
2,2,18,0.06564521789550781
1,2,18,0.06841492652893066
8,2,18,0.08454179763793945
11,2,18,0.10675525665283203
5,2,18,0.10558605194091797
3,2,18,0.10834503173828125
7,2,18,0.10559630393981934
4,2,18,0.11711597442626953
13,2,18,0.11235308647155762
16,2,18,0.10699796676635742
9,2,18,0.11115002632141113
10,2,18,0.11648321151733398
15,2,18,0.12076592445373535
12,2,18,0.12377810478210449
6,2,18,0.12507414817810059
1,2,19,0.08026409149169922
14,2,18,0.13170599937438965
2,2,19,0.08375000953674316
8,2,19,0.07261896133422852
3,2,19,0.05723309516906738
5,2,19,0.06425714492797852
7,2,19,0.0625772476196289
11,2,19,0.06783390045166016
4,2,19,0.062381744384765625
13,2,19,0.06364297866821289
16,2,19,0.06487011909484863
10,2,19,0.05946183204650879
9,2,19,0.06744599342346191
12,2,19,0.06182694435119629
14,2,19,0.06534409523010254
8,2,1,0.056124210357666016
15,2,19,0.07233476638793945
6,2,19,0.07378792762756348
1,2,1,0.07307577133178711
2,2,1,0.07590293884277344
3,2,1,0.061083078384399414
5,2,1,0.06037092208862305
11,2,1,0.0613250732421875
7,2,1,0.06228899955749512
4,2,1,0.06107187271118164
13,2,1,0.059348106384277344
16,2,1,0.06498408317565918
9,2,1,0.062016963958740234
10,2,1,0.06399011611938477
12,2,1,0.051444053649902344
15,2,1,0.0629582405090332
6,2,1,0.056475162506103516
8,2,12,0.06471514701843262
14,2,1,0.06590700149536133
1,2,12,0.05742287635803223
2,2,12,0.06768417358398438
5,2,12,0.056112051010131836
3,2,12,0.06148219108581543
4,2,12,0.0679171085357666
11,2,12,0.0716240406036377
7,2,12,0.07116985321044922
13,2,12,0.0701298713684082
12,2,12,0.07225394248962402
10,2,12,0.07336997985839844
9,2,12,0.07540392875671387
16,2,12,0.07672405242919922
6,2,12,0.06263279914855957
15,2,12,0.061772823333740234
8,2,13,0.06812071800231934
14,2,12,0.06847882270812988
1,2,13,0.06767392158508301
2,2,13,0.059416770935058594
5,2,13,0.0663139820098877
3,2,13,0.06444215774536133
7,2,13,0.056745052337646484
11,2,13,0.05760693550109863
4,2,13,0.06342697143554688
13,2,13,0.0605769157409668
12,2,13,0.05287885665893555
9,2,13,0.060588836669921875
10,2,13,0.06232881546020508
16,2,13,0.06893801689147949
6,2,13,0.07611870765686035
15,2,13,0.07571196556091309
14,2,13,0.0718991756439209
1,2,21,0.07747507095336914
8,2,21,0.0788109302520752
2,2,21,0.07756733894348145
3,2,21,0.07653617858886719
5,2,21,0.07925081253051758
13,2,21,0.07914900779724121
4,2,21,0.0796511173248291
11,2,21,0.08696913719177246
7,2,21,0.08802604675292969
10,2,21,0.06851506233215332
12,2,21,0.0790548324584961
9,2,21,0.1620950698852539
16,2,21,0.16236090660095215
15,2,21,0.14888906478881836
5,2,20,0.12941312789916992
8,2,20,0.14098405838012695
12,2,20,0.11283016204833984
10,2,20,0.11359906196594238
13,2,20,0.12013626098632812
3,2,20,0.1382148265838623
1,2,20,0.15111899375915527
6,2,21,0.17244505882263184
14,2,21,0.18043804168701172
2,2,20,0.20687103271484375
7,2,20,0.1789999008178711
11,2,20,0.18036603927612305
4,2,20,0.18481826782226562
8,2,7,0.07580685615539551
5,2,7,0.07863807678222656
16,2,20,0.08339500427246094
9,2,20,0.0934000015258789
15,2,20,0.08713603019714355
1,2,7,0.11425280570983887
13,2,7,0.12014317512512207
3,2,7,0.12104415893554688
12,2,7,0.12267804145812988
10,2,7,0.12391877174377441
6,2,20,0.11418700218200684
5,2,6,0.05996394157409668
14,2,20,0.10514402389526367
8,2,6,0.062354087829589844
2,2,7,0.07541012763977051
9,2,7,0.07809996604919434
16,2,7,0.08107209205627441
4,2,7,0.09791922569274902
7,2,7,0.09921097755432129
15,2,7,0.08789777755737305
11,2,7,0.10093998908996582
1,2,6,0.07565593719482422
10,2,6,0.07007789611816406
3,2,6,0.0706479549407959
12,2,6,0.07188606262207031
13,2,6,0.07065391540527344
14,2,7,0.06724786758422852
2,2,6,0.06119275093078613
6,2,7,0.07096219062805176
8,2,15,0.08180117607116699
16,2,6,0.06302309036254883
9,2,6,0.06350302696228027
5,2,15,0.09135317802429199
11,2,6,0.0590357780456543
4,2,6,0.06229281425476074
15,2,6,0.060131072998046875
7,2,6,0.06303882598876953
12,2,15,0.0616612434387207
6,2,6,0.05603599548339844
14,2,6,0.061422109603881836
1,2,15,0.06588625907897949
3,2,15,0.06851410865783691
10,2,15,0.07481217384338379
8,2,14,0.06151604652404785
13,2,15,0.07590508460998535
5,2,14,0.05613517761230469
9,2,15,0.06396698951721191
4,2,15,0.05602574348449707
16,2,15,0.0679631233215332
7,2,15,0.057717084884643555
15,2,15,0.05877399444580078
2,2,15,0.09500408172607422
11,2,15,0.07128691673278809
12,2,14,0.05018210411071777
3,2,14,0.05573415756225586
1,2,14,0.06292200088500977
14,2,15,0.06439900398254395
6,2,15,0.07034897804260254
10,2,14,0.05976605415344238
13,2,14,0.057737112045288086
16,2,14,0.058405160903930664
9,2,14,0.0642390251159668
4,2,14,0.06268119812011719
15,2,14,0.060189247131347656
8,2,9,0.08125901222229004
5,2,9,0.07739472389221191
7,2,14,0.07805299758911133
11,2,14,0.06990289688110352
2,2,14,0.07081723213195801
12,2,9,0.06270909309387207
3,2,9,0.054466962814331055
14,2,14,0.061717987060546875
6,2,14,0.06430482864379883
1,2,9,0.06513690948486328
13,2,9,0.0677189826965332
16,2,9,0.06443190574645996
15,2,9,0.06375694274902344
9,2,9,0.06585502624511719
10,2,9,0.08400082588195801
5,2,8,0.06809091567993164
4,2,9,0.07931685447692871
7,2,9,0.06356501579284668
8,2,8,0.07129096984863281
11,2,9,0.06393170356750488
3,2,8,0.06157279014587402
12,2,8,0.0685279369354248
2,2,9,0.06970596313476562
6,2,9,0.05318903923034668
1,2,8,0.06162714958190918
13,2,8,0.0645289421081543
14,2,9,0.07921528816223145
15,2,8,0.06496810913085938
9,2,8,0.06517624855041504
16,2,8,0.07028889656066895
5,2,11,0.05758404731750488
10,2,8,0.06466984748840332
4,2,8,0.05890989303588867
8,2,11,0.06659674644470215
7,2,8,0.0679330825805664
3,2,11,0.06344866752624512
2,2,8,0.06275510787963867
12,2,11,0.06376910209655762
11,2,8,0.0713341236114502
6,2,8,0.05901217460632324
1,2,11,0.0644991397857666
13,2,11,0.0573430061340332
14,2,8,0.06247711181640625
16,2,11,0.05235409736633301
15,2,11,0.055564165115356445
9,2,11,0.06412220001220703
4,2,11,0.05465102195739746
10,2,11,0.061782121658325195
7,2,11,0.05633091926574707
6,2,11,0.0560147762298584
11,2,11,0.059455156326293945
2,2,11,0.06317305564880371
5,2,10,0.08090066909790039
8,2,10,0.1041409969329834
14,2,11,0.06969189643859863
3,2,10,0.10470104217529297
12,2,10,0.1242530345916748
5,2,3,0.12078404426574707
16,2,10,0.15752911567687988
1,2,10,0.17232704162597656
úŒôsSÎ0ô™3‰}ùtBﬁXWÙ•›lotÄUë13,2,10,0.16930508613586426
15,2,10,0.1647968292236328
10,2,10,0.15635180473327637
4,2,10,0.16291308403015137
9,2,10,0.16943001747131348
8,2,3,0.11122393608093262
3,2,3,0.10855484008789062
7,2,10,0.16252899169921875
6,2,10,0.15605711936950684
12,2,3,0.09183073043823242
2,2,10,0.16458511352539062
11,2,10,0.16719698905944824
16,2,3,0.06676888465881348
1,2,3,0.06530904769897461
14,2,10,0.15569210052490234
15,2,3,0.061071157455444336
13,2,3,0.06357407569885254
10,2,3,0.07426095008850098
4,2,3,0.07420516014099121
9,2,3,0.07445979118347168
7,2,3,0.075408935546875
6,2,3,0.07544708251953125
11,2,3,0.061100006103515625
2,2,3,0.08290886878967285
5,2,2,0.12230801582336426
14,2,3,0.07523083686828613
12,2,2,0.13819193840026855
3,2,2,0.16100811958312988
8,2,2,0.1614530086517334
1,2,2,0.11833500862121582
13,2,2,0.12408971786499023
15,2,2,0.12411689758300781
16,2,2,0.1454451084136963
10,2,2,0.12642192840576172
9,2,2,0.13329195976257324
6,2,2,0.12509489059448242
4,2,2,0.14676213264465332
7,2,2,0.13225674629211426
11,2,2,0.14979910850524902
2,2,2,0.1309049129486084
5,2,16,0.13799214363098145
14,2,2,0.11647582054138184
12,2,16,0.13523006439208984
15,2,16,0.12266707420349121
1,2,16,0.13214731216430664
5,2,17,0.07662796974182129
16,2,16,0.12744975090026855
4,2,16,0.12813901901245117
9,2,16,0.13574814796447754
1,2,17,0.059288978576660156
12,2,17,0.0764169692993164
3,2,16,0.20591402053833008
11,2,16,0.1393730640411377
10,2,16,0.19245100021362305
5,2,22,0.06788897514343262
13,2,16,0.21845197677612305
8,2,16,0.235504150390625
15,2,17,0.10508084297180176
16,2,17,0.08329916000366211
9,2,17,0.06711030006408691
4,2,17,0.06784391403198242
6,2,16,0.21300196647644043
7,2,16,0.21869897842407227
12,2,22,0.08253693580627441
1,2,22,0.08489179611206055
5,2,4,0.06585121154785156
11,2,17,0.08141112327575684
3,2,17,0.08321619033813477
10,2,17,0.07141518592834473
13,2,17,0.06778812408447266
2,2,16,0.22688889503479004
15,2,22,0.062293052673339844
8,2,17,0.06407809257507324
14,2,16,0.23283910751342773
16,2,22,0.07158207893371582
4,2,22,0.07455301284790039
9,2,22,0.07497596740722656
6,2,17,0.0671989917755127
7,2,17,0.0605320930480957
12,2,4,0.06400203704833984
1,2,4,0.06939578056335449
11,2,22,0.06175994873046875
5,2,5,0.06717205047607422
3,2,22,0.0799570083618164
2,2,17,0.07927918434143066
13,2,22,0.07996582984924316
15,2,4,0.07611799240112305
10,2,22,0.08195614814758301
8,2,22,0.08041119575500488
16,2,4,0.07206177711486816
14,2,17,0.08005118370056152
9,2,4,0.0697789192199707
4,2,4,0.07649517059326172
6,2,22,0.07537579536437988
7,2,22,0.07942986488342285
12,2,5,0.06744909286499023
11,2,4,0.07124495506286621
1,2,5,0.07429909706115723
10,2,4,0.08165884017944336
8,2,4,0.07793283462524414
13,2,4,0.08334517478942871
2,2,22,0.08801603317260742
15,2,5,0.08934497833251953
16,2,5,0.08617401123046875
14,2,22,0.08041191101074219
6,2,4,0.07439208030700684
9,2,5,0.08322882652282715
4,2,5,0.07724499702453613
7,2,4,0.06691813468933105
11,2,5,0.0727379322052002
3,2,4,0.16231703758239746
2,2,4,0.07031607627868652
8,2,5,0.07886624336242676
13,2,5,0.08055877685546875
10,2,5,0.07958221435546875
14,2,4,0.08548688888549805
7,2,5,0.08267688751220703
6,2,5,0.08460712432861328
3,2,5,0.07661294937133789
2,2,5,0.07485413551330566
14,2,5,0.07954907417297363
3,3,18,0.06455183029174805
1,3,18,0.07065415382385254
2,3,18,0.07356810569763184
5,3,18,0.07537984848022461
12,3,18,0.06604886054992676
11,3,18,0.0682671070098877
9,3,18,0.07018709182739258
16,3,18,0.08094310760498047
7,3,18,0.08235907554626465
6,3,18,0.0845499038696289
4,3,18,0.09819793701171875
14,3,18,0.09897017478942871
8,3,18,0.09897398948669434
10,3,18,0.10284209251403809
15,3,18,0.09812021255493164
13,3,18,0.09925699234008789
3,3,19,0.06369805335998535
1,3,19,0.07065987586975098
2,3,19,0.07117104530334473
9,3,19,0.06359505653381348
11,3,19,0.07321286201477051
5,3,19,0.0794229507446289
12,3,19,0.08119678497314453
16,3,19,0.06225013732910156
7,3,19,0.07202291488647461
6,3,19,0.07270574569702148
14,3,19,0.06066775321960449
8,3,19,0.05757784843444824
3,3,1,0.05903792381286621
4,3,19,0.08130025863647461
13,3,19,0.06307101249694824
15,3,19,0.06427192687988281
10,3,19,0.07555389404296875
1,3,1,0.06775093078613281
9,3,1,0.07301592826843262
2,3,1,0.0773310661315918
5,3,1,0.06676888465881348
11,3,1,0.07292485237121582
16,3,1,0.07261490821838379
6,3,1,0.06423282623291016
7,3,1,0.06598877906799316
12,3,1,0.07838702201843262
14,3,1,0.06610417366027832
8,3,1,0.07406282424926758
3,3,12,0.06546783447265625
4,3,1,0.06663393974304199
13,3,1,0.07854008674621582
10,3,1,0.06899023056030273
15,3,1,0.08318495750427246
1,3,12,0.07313895225524902
2,3,12,0.06761789321899414
9,3,12,0.0707099437713623
5,3,12,0.06660008430480957
11,3,12,0.062233686447143555
16,3,12,0.06366300582885742
7,3,12,0.059407949447631836
12,3,12,0.05943775177001953
6,3,12,0.062203168869018555
14,3,12,0.06208395957946777
8,3,12,0.06330585479736328
3,3,13,0.06331777572631836
4,3,12,0.06897401809692383
13,3,12,0.05998063087463379
10,3,12,0.05946683883666992
15,3,12,0.06454586982727051
1,3,13,0.05714702606201172
9,3,13,0.05241703987121582
2,3,13,0.056690216064453125
11,3,13,0.05806303024291992
5,3,13,0.06311607360839844
7,3,13,0.0949699878692627
12,3,13,0.09545421600341797
8,3,13,0.08396792411804199
10,3,13,0.07329726219177246
13,3,13,0.07425904273986816
6,3,13,0.09906411170959473
15,3,13,0.06821727752685547
16,3,13,0.1029958724975586
4,3,13,0.08351516723632812
3,3,21,0.09255790710449219
14,3,13,0.10445213317871094
1,3,21,0.07930707931518555
2,3,21,0.08471989631652832
9,3,21,0.08834195137023926
11,3,21,0.11677908897399902
5,3,21,0.11643695831298828
7,3,21,0.07823610305786133
10,3,21,0.07498478889465332
12,3,21,0.07687592506408691
6,3,21,0.07623696327209473
8,3,21,0.0787351131439209
14,3,21,0.08124089241027832
4,3,21,0.0927271842956543
13,3,21,0.10061883926391602
16,3,21,0.10812091827392578
15,3,21,0.11078095436096191
1,3,20,0.11226081848144531
3,3,20,0.11805582046508789
2,3,20,0.10833883285522461
9,3,20,0.10702395439147949
5,3,20,0.08098030090332031
11,3,20,0.08476996421813965
10,3,20,0.09415030479431152
6,3,20,0.10419011116027832
8,3,20,0.11357474327087402
7,3,20,0.12004423141479492
12,3,20,0.12001895904541016
14,3,20,0.10733628273010254
4,3,20,0.10728693008422852
13,3,20,0.11036109924316406
3,3,7,0.08703279495239258
1,3,7,0.10209989547729492
16,3,20,0.11427879333496094
15,3,20,0.11398625373840332
2,3,7,0.09656286239624023
9,3,7,0.09900999069213867
11,3,7,0.08266186714172363
5,3,7,0.08556890487670898
10,3,7,0.07680797576904297
6,3,7,0.06581997871398926
12,3,7,0.06273102760314941
7,3,7,0.06215500831604004
8,3,7,0.06601071357727051
14,3,7,0.07039499282836914
4,3,7,0.06344008445739746
3,3,6,0.05739092826843262
13,3,7,0.05919909477233887
1,3,6,0.05876493453979492
15,3,7,0.05967521667480469
5,3,6,0.053201913833618164
11,3,6,0.0551600456237793
2,3,6,0.06076383590698242
9,3,6,0.05871295928955078
16,3,7,0.06972312927246094
10,3,6,0.05469679832458496
6,3,6,0.06182980537414551
8,3,6,0.05212998390197754
12,3,6,0.05258917808532715
7,3,6,0.05635809898376465
14,3,6,0.057240962982177734
13,3,6,0.059591054916381836
4,3,6,0.06258296966552734
3,3,15,0.08098506927490234
15,3,6,0.0795907974243164
11,3,15,0.08049798011779785
9,3,15,0.08012604713439941
12,3,15,0.06435918807983398
2,3,15,0.0871419906616211
10,3,15,0.08742904663085938
14,3,15,0.0628662109375
4,3,15,0.06315994262695312
1,3,15,0.12333393096923828
5,3,15,0.12795495986938477
16,3,6,0.1181948184967041
3,3,14,0.0738990306854248
13,3,15,0.10050392150878906
6,3,15,0.12473273277282715
7,3,15,0.11930966377258301
8,3,15,0.1243140697479248
11,3,14,0.06483674049377441
15,3,15,0.0686790943145752
9,3,14,0.06595706939697266
12,3,14,0.06656789779663086
2,3,14,0.06322193145751953
10,3,14,0.06560420989990234
14,3,14,0.0655980110168457
4,3,14,0.06634807586669922
1,3,14,0.05885720252990723
5,3,14,0.06860685348510742
16,3,15,0.06868410110473633
6,3,14,0.05787205696105957
3,3,9,0.06713390350341797
13,3,14,0.06558728218078613
7,3,14,0.06613588333129883
8,3,14,0.0671539306640625
2,3,9,0.0641181468963623
9,3,9,0.06707572937011719
15,3,14,0.07242798805236816
11,3,9,0.07413387298583984
12,3,9,0.07225394248962402
14,3,9,0.06336808204650879
10,3,9,0.07437920570373535
1,3,9,0.06100201606750488
4,3,9,0.0701439380645752
16,3,14,0.06192302703857422
5,3,9,0.06376075744628906
3,3,8,0.0809180736541748
7,3,9,0.07796096801757812
13,3,9,0.07917976379394531
9,3,8,0.06949710845947266
6,3,9,0.08933615684509277
8,3,9,0.07874107360839844
12,3,8,0.06939816474914551
2,3,8,0.08005809783935547
11,3,8,0.07453107833862305
15,3,9,0.07904791831970215
14,3,8,0.07451987266540527
10,3,8,0.06949400901794434
4,3,8,0.0661470890045166
1,3,8,0.06835508346557617
16,3,9,0.060097694396972656
5,3,8,0.062375783920288086
3,3,11,0.05866813659667969
12,3,11,0.05433821678161621
7,3,8,0.06075000762939453
13,3,8,0.06113004684448242
6,3,8,0.06666016578674316
2,3,11,0.05746102333068848
10,3,11,0.053781986236572266
9,3,11,0.07022809982299805
11,3,11,0.059380292892456055
8,3,8,0.06613683700561523
4,3,11,0.059632062911987305
14,3,11,0.06558585166931152
1,3,11,0.06633615493774414
15,3,8,0.07241272926330566
5,3,11,0.055036067962646484
16,3,8,0.06941723823547363
7,3,11,0.05534219741821289
13,3,11,0.06146693229675293
6,3,11,0.06964778900146484
3,3,10,0.09272384643554688
8,3,11,0.07678985595703125
15,3,11,0.08353209495544434
12,3,10,0.13239598274230957
16,3,11,0.12926793098449707
5,3,10,0.16987109184265137
2,3,10,0.19581079483032227
11,3,10,0.19651198387145996
14,3,10,0.22260212898254395
4,3,10,0.22841405868530273
10,3,10,0.2346208095550537
3,3,3,0.16818618774414062
1,3,10,0.23104476928710938
9,3,10,0.24956393241882324
12,3,3,0.17781591415405273
7,3,10,0.2847926616668701
8,3,10,0.26196932792663574
5,3,3,0.1576240062713623
13,3,10,0.29219603538513184
11,3,3,0.14825439453125
6,3,10,0.2807278633117676
2,3,3,0.154404878616333
15,3,10,0.2580571174621582
14,3,3,0.1259021759033203
10,3,3,0.12465095520019531
9,3,3,0.11069726943969727
4,3,3,0.12724089622497559
16,3,10,0.20918893814086914
1,3,3,0.12165284156799316
3,3,2,0.14893412590026855
7,3,3,0.06286311149597168
8,3,3,0.07776188850402832
13,3,3,0.08559703826904297
6,3,3,0.08379006385803223
15,3,3,0.08280396461486816
12,3,2,0.13933086395263672
16,3,3,0.08877682685852051
14,3,2,0.1256871223449707
11,3,2,0.13635611534118652
2,3,2,0.13673710823059082
1,3,2,0.13179993629455566
5,3,2,0.15526723861694336
10,3,2,0.13924098014831543
4,3,2,0.14234113693237305
7,3,2,0.11323809623718262
3,3,16,0.12984204292297363
9,3,2,0.15686988830566406
12,3,16,0.09879589080810547
15,3,2,0.12581872940063477
13,3,2,0.14144468307495117
3,3,17,0.054815053939819336
16,3,2,0.13319015502929688
6,3,2,0.1487119197845459
8,3,2,0.16980814933776855
12,3,17,0.0670919418334961
2,3,16,0.11990499496459961
14,3,16,0.13397002220153809
1,3,16,0.1214761734008789
11,3,16,0.13760614395141602
7,3,16,0.11535000801086426
5,3,16,0.13212203979492188
10,3,16,0.13130712509155273
4,3,16,0.12899374961853027
3,3,22,0.07221388816833496
9,3,16,0.13748407363891602
12,3,22,0.059677839279174805
2,3,17,0.06120896339416504
15,3,16,0.10571074485778809
14,3,17,0.05842185020446777
1,3,17,0.05765485763549805
11,3,17,0.06187272071838379
13,3,16,0.11258888244628906
8,3,16,0.11012506484985352
16,3,16,0.11377406120300293
6,3,16,0.13445496559143066
4,3,17,0.13641119003295898
5,3,17,0.13962101936340332
13,3,17,0.08913993835449219
8,3,17,0.07500028610229492
1,3,22,0.12047886848449707
14,3,22,0.12156391143798828
3,3,4,0.15126299858093262
6,3,17,0.07500481605529785
10,3,17,0.18581891059875488
7,3,17,0.19600510597229004
2,3,22,0.15167903900146484
16,3,17,0.11901402473449707
11,3,22,0.14226031303405762
15,3,17,0.15992379188537598
9,3,17,0.17415809631347656
12,3,4,0.16640734672546387
8,3,22,0.05950784683227539
4,3,22,0.0744028091430664
13,3,22,0.07141876220703125
5,3,22,0.08349800109863281
1,3,4,0.0611109733581543
6,3,22,0.06908488273620605
3,3,5,0.07271504402160645
14,3,4,0.07956194877624512
10,3,22,0.0639498233795166
2,3,4,0.06318998336791992
7,3,22,0.06447482109069824
16,3,22,0.06437087059020996
11,3,4,0.06527280807495117
12,3,5,0.06268906593322754
9,3,22,0.06972312927246094
15,3,22,0.07077980041503906
8,3,4,0.06661295890808105
4,3,4,0.058836936950683594
13,3,4,0.059169769287109375
5,3,4,0.0644218921661377
6,3,4,0.06393003463745117
1,3,5,0.07449603080749512
16,3,4,0.055588722229003906
10,3,4,0.07228207588195801
7,3,4,0.06993508338928223
14,3,5,0.08051705360412598
11,3,5,0.08762097358703613
2,3,5,0.0937948226928711
8,3,5,0.07722616195678711
4,3,5,0.07625317573547363
13,3,5,0.077117919921875
9,3,4,0.08144426345825195
15,3,4,0.08462095260620117
5,3,5,0.06490588188171387
6,3,5,0.07475590705871582
16,3,5,0.06696605682373047
7,3,5,0.0897369384765625
10,3,5,0.09038591384887695
15,3,5,0.07990503311157227
9,3,5,0.0833120346069336
3,4,18,0.06713390350341797
2,4,18,0.0864260196685791
11,4,18,0.0819849967956543
1,4,18,0.0873861312866211
4,4,18,0.08072519302368164
6,4,18,0.08638596534729004
8,4,18,0.09824228286743164
5,4,18,0.09500002861022949
13,4,18,0.10613107681274414
12,4,18,0.10477399826049805
16,4,18,0.09653615951538086
10,4,18,0.10744881629943848
7,4,18,0.10726380348205566
9,4,18,0.09990596771240234
15,4,18,0.10521697998046875
14,4,18,0.10255169868469238
3,4,19,0.07517623901367188
11,4,19,0.05917096138000488
1,4,19,0.06153702735900879
2,4,19,0.06259298324584961
6,4,19,0.05956912040710449
4,4,19,0.063507080078125
8,4,19,0.0645897388458252
5,4,19,0.0610508918762207
10,4,19,0.05861306190490723
12,4,19,0.06812071800231934
13,4,19,0.07330203056335449
14,4,19,0.0704808235168457
16,4,19,0.07148098945617676
15,4,19,0.0721428394317627
9,4,19,0.07392001152038574
3,4,1,0.05264687538146973
7,4,19,0.07409787178039551
1,4,1,0.05790114402770996
11,4,1,0.06264090538024902
6,4,1,0.059142112731933594
4,4,1,0.05682206153869629
2,4,1,0.07647705078125
8,4,1,0.054303884506225586
5,4,1,0.0616300106048584
10,4,1,0.06631994247436523
12,4,1,0.05775308609008789
14,4,1,0.05600261688232422
13,4,1,0.060256004333496094
16,4,1,0.05824112892150879
9,4,1,0.05876803398132324
15,4,1,0.05934405326843262
7,4,1,0.05907607078552246
3,4,12,0.06859493255615234
11,4,12,0.05927705764770508
1,4,12,0.07107973098754883
6,4,12,0.06900620460510254
4,4,12,0.06896209716796875
8,4,12,0.05751395225524902
2,4,12,0.05872607231140137
5,4,12,0.0785679817199707
10,4,12,0.0722208023071289
16,4,12,0.0652170181274414
12,4,12,0.07746481895446777
15,4,12,0.06817913055419922
9,4,12,0.06801009178161621
3,4,13,0.05998063087463379
7,4,12,0.07060718536376953
13,4,12,0.07767820358276367
11,4,13,0.0668022632598877
14,4,12,0.08945727348327637
1,4,13,0.05879521369934082
8,4,13,0.06348109245300293
6,4,13,0.06634712219238281
4,4,13,0.06731629371643066
2,4,13,0.06691575050354004
5,4,13,0.0685887336730957
16,4,13,0.06551599502563477
10,4,13,0.07301712036132812
9,4,13,0.06273388862609863
13,4,13,0.061592817306518555
15,4,13,0.06507301330566406
12,4,13,0.06774187088012695
14,4,13,0.05826687812805176
7,4,13,0.06694912910461426
3,4,21,0.07096409797668457
11,4,21,0.07898807525634766
1,4,21,0.07580709457397461
8,4,21,0.06983399391174316
2,4,21,0.07225394248962402
4,4,21,0.07433795928955078
6,4,21,0.07653093338012695
5,4,21,0.0650181770324707
16,4,21,0.07540202140808105
9,4,21,0.07411313056945801
13,4,21,0.07709789276123047
12,4,21,0.07432913780212402
10,4,21,0.08547616004943848
15,4,21,0.08391094207763672
7,4,21,0.08940505981445312
14,4,21,0.09058308601379395
3,4,20,0.10269594192504883
1,4,20,0.0923299789428711
8,4,20,0.10125207901000977
11,4,20,0.11945319175720215
2,4,20,0.1217951774597168
6,4,20,0.12310004234313965
4,4,20,0.12276196479797363
5,4,20,0.10661721229553223
16,4,20,0.10861802101135254
12,4,20,0.12394094467163086
9,4,20,0.1354820728302002
13,4,20,0.13190197944641113
10,4,20,0.12786412239074707
15,4,20,0.12511706352233887
14,4,20,0.12500977516174316
3,4,7,0.12970900535583496
1,4,7,0.12972283363342285
7,4,20,0.1488971710205078
8,4,7,0.11901092529296875
11,4,7,0.10775113105773926
4,4,7,0.09511494636535645
5,4,7,0.09035587310791016
6,4,7,0.09641718864440918
2,4,7,0.0986640453338623
16,4,7,0.0795130729675293
12,4,7,0.08391284942626953
10,4,7,0.08635687828063965
9,4,7,0.0905311107635498
13,4,7,0.09080314636230469
15,4,7,0.08648824691772461
14,4,7,0.08086681365966797
3,4,6,0.07710909843444824
1,4,6,0.07610702514648438
7,4,7,0.07493305206298828
8,4,6,0.0758829116821289
11,4,6,0.07499027252197266
6,4,6,0.07382702827453613
16,4,6,0.07404088973999023
5,4,6,0.07851099967956543
2,4,6,0.07462191581726074
4,4,6,0.07874298095703125
12,4,6,0.06548619270324707
13,4,6,0.05170297622680664
10,4,6,0.053420066833496094
15,4,6,0.05796074867248535
14,4,6,0.05615878105163574
9,4,6,0.05755305290222168
3,4,15,0.08981585502624512
1,4,15,0.0891728401184082
11,4,15,0.09225916862487793
8,4,15,0.09418129920959473
14,4,15,0.06366682052612305
7,4,6,0.10351705551147461
10,4,15,0.07211589813232422
16,4,15,0.09847807884216309
9,4,15,0.06897282600402832
12,4,15,0.08131194114685059
6,4,15,0.1010444164276123
4,4,15,0.09932684898376465
15,4,15,0.07425785064697266
5,4,15,0.10254502296447754
13,4,15,0.10171103477478027
2,4,15,0.12129497528076172
3,4,14,0.059758663177490234
1,4,14,0.06502509117126465
11,4,14,0.06551790237426758
8,4,14,0.06490516662597656
14,4,14,0.05986618995666504
7,4,15,0.07235002517700195
9,4,14,0.07055282592773438
10,4,14,0.07619905471801758
15,4,14,0.06622004508972168
4,4,14,0.07043600082397461
12,4,14,0.07165002822875977
6,4,14,0.07163286209106445
16,4,14,0.07760500907897949
5,4,14,0.0760030746459961
2,4,14,0.07675790786743164
13,4,14,0.07685995101928711
1,4,9,0.060494184494018555
3,4,9,0.07407689094543457
7,4,14,0.05309176445007324
8,4,9,0.06954503059387207
11,4,9,0.06994199752807617
14,4,9,0.08319592475891113
10,4,9,0.06929421424865723
9,4,9,0.07001376152038574
6,4,9,0.06838178634643555
5,4,9,0.06750011444091797
16,4,9,0.08252096176147461
12,4,9,0.09009575843811035
15,4,9,0.0907449722290039
1,4,8,0.0667879581451416
4,4,9,0.09138679504394531
3,4,8,0.06293773651123047
2,4,9,0.07424306869506836
13,4,9,0.0738670825958252
7,4,9,0.06448912620544434
8,4,8,0.06449174880981445
11,4,8,0.08382487297058105
14,4,8,0.07780694961547852
10,4,8,0.07159614562988281
9,4,8,0.07801318168640137
5,4,8,0.07208609580993652
6,4,8,0.0792088508605957
16,4,8,0.06735372543334961
15,4,8,0.06783676147460938
1,4,11,0.06800007820129395
12,4,8,0.07539510726928711
3,4,11,0.06706380844116211
2,4,8,0.06830620765686035
13,4,8,0.07461333274841309
4,4,8,0.0788569450378418
8,4,11,0.06699800491333008
7,4,8,0.0759279727935791
11,4,11,0.06256818771362305
10,4,11,0.05353522300720215
14,4,11,0.05416083335876465
9,4,11,0.06287479400634766
6,4,11,0.05998992919921875
5,4,11,0.06303882598876953
15,4,11,0.06042599678039551
16,4,11,0.06316518783569336
2,4,11,0.0566561222076416
12,4,11,0.06617283821105957
4,4,11,0.0679769515991211
13,4,11,0.07074403762817383
3,4,10,0.10144996643066406
7,4,11,0.08830714225769043
1,4,10,0.12164568901062012
8,4,10,0.1718592643737793
5,4,10,0.15918397903442383
3,4,3,0.16963577270507812
14,4,10,0.253154993057251
6,4,10,0.23734498023986816
11,4,10,0.2568650245666504
1,4,3,0.17006206512451172
8,4,3,0.12306904792785645
5,4,3,0.10733795166015625
2,4,10,0.2692868709564209
9,4,10,0.2970287799835205
12,4,10,0.27889204025268555
13,4,10,0.2745208740234375
4,4,10,0.27733707427978516
7,4,10,0.24982094764709473
15,4,10,0.3060920238494873
10,4,10,0.3448336124420166
16,4,10,0.3193638324737549
14,4,3,0.09196901321411133
6,4,3,0.09387874603271484
11,4,3,0.09752702713012695
3,4,2,0.13401198387145996
2,4,3,0.08199620246887207
12,4,3,0.06773924827575684
9,4,3,0.07459092140197754
15,4,3,0.06279397010803223
7,4,3,0.06583690643310547
4,4,3,0.0790109634399414
13,4,3,0.08159995079040527
8,4,2,0.13476920127868652
1,4,2,0.15172505378723145
5,4,2,0.13039898872375488
16,4,3,0.07030296325683594
10,4,3,0.07923507690429688
6,4,2,0.11818766593933105
14,4,2,0.12221598625183105
11,4,2,0.13388919830322266
9,4,2,0.12192320823669434
2,4,2,0.13491582870483398
12,4,2,0.13129878044128418
4,4,2,0.1102907657623291
13,4,2,0.11466598510742188
16,4,2,0.10633015632629395
8,4,16,0.11081171035766602
3,4,16,0.14896321296691895
1,4,16,0.1166830062866211
7,4,2,0.136796236038208
15,4,2,0.13831186294555664
5,4,16,0.12030267715454102
10,4,2,0.12972068786621094
6,4,16,0.1165320873260498
8,4,17,0.05907797813415527
14,4,16,0.1182398796081543
1,4,17,0.05688881874084473
3,4,17,0.07552504539489746
5,4,17,0.06987690925598145
11,4,16,0.11816596984863281
9,4,16,0.10880112648010254
2,4,16,0.1037909984588623
4,4,16,0.12134599685668945
13,4,16,0.1270442008972168
12,4,16,0.1402902603149414
6,4,17,0.07428812980651855
1,4,22,0.07178282737731934
7,4,16,0.13063788414001465
14,4,17,0.07698678970336914
5,4,22,0.06374931335449219
16,4,16,0.14525294303894043
3,4,22,0.06687617301940918
15,4,16,0.13892197608947754
10,4,16,0.12305307388305664
9,4,17,0.06116485595703125
2,4,17,0.06041407585144043
11,4,17,0.07449507713317871
8,4,22,0.09943699836730957
4,4,17,0.06158328056335449
1,4,4,0.05527210235595703
13,4,17,0.06789612770080566
12,4,17,0.06139802932739258
6,4,22,0.05974292755126953
14,4,22,0.05806612968444824
7,4,17,0.0609438419342041
5,4,4,0.05674910545349121
3,4,4,0.05887627601623535
10,4,17,0.05556321144104004
15,4,17,0.05983996391296387
16,4,17,0.06859111785888672
9,4,22,0.057153940200805664
11,4,22,0.05958104133605957
8,4,4,0.057605743408203125
2,4,22,0.061649322509765625
4,4,22,0.06354212760925293
12,4,22,0.058157920837402344
1,4,5,0.0707399845123291
6,4,4,0.0679771900177002
14,4,4,0.06809282302856445
5,4,5,0.06929469108581543
13,4,22,0.07742595672607422
10,4,22,0.06581616401672363
3,4,5,0.06818389892578125
9,4,4,0.060205936431884766
7,4,22,0.07666707038879395
16,4,22,0.06615877151489258
15,4,22,0.07123708724975586
11,4,4,0.06492400169372559
2,4,4,0.07546210289001465
8,4,5,0.07734394073486328
4,4,4,0.05921483039855957
12,4,4,0.07007980346679688
6,4,5,0.06229686737060547
14,4,5,0.06502509117126465
10,4,4,0.06004786491394043
13,4,4,0.0631718635559082
9,4,5,0.06976699829101562
7,4,4,0.06633281707763672
15,4,4,0.06555008888244629
16,4,4,0.07656478881835938
4,4,5,0.05845308303833008
11,4,5,0.07592415809631348
2,4,5,0.08374810218811035
12,4,5,0.07320976257324219
10,4,5,0.09220004081726074
13,4,5,0.09244537353515625
7,4,5,0.08650398254394531
15,4,5,0.08402681350708008
16,4,5,0.09093213081359863
6,5,18,0.06504607200622559
2,5,18,0.07114696502685547
1,5,18,0.07126402854919434
8,5,18,0.06931710243225098
3,5,18,0.0679469108581543
5,5,18,0.07328605651855469
13,5,18,0.07320928573608398
4,5,18,0.07970881462097168
16,5,18,0.07987689971923828
12,5,18,0.08532595634460449
9,5,18,0.09905004501342773
11,5,18,0.10651516914367676
14,5,18,0.09968781471252441
10,5,18,0.11092567443847656
7,5,18,0.1077890396118164
15,5,18,0.1061549186706543
6,5,19,0.061360836029052734
1,5,19,0.06163620948791504
2,5,19,0.07771611213684082
5,5,19,0.07223725318908691
8,5,19,0.07395386695861816
13,5,19,0.06617903709411621
3,5,19,0.07400989532470703
16,5,19,0.06810331344604492
12,5,19,0.06751728057861328
4,5,19,0.09331917762756348
9,5,19,0.06996297836303711
1,5,1,0.060914039611816406
14,5,19,0.06949710845947266
15,5,19,0.07322311401367188
11,5,19,0.07570099830627441
7,5,19,0.07520794868469238
6,5,1,0.07278990745544434
10,5,19,0.07911992073059082
2,5,1,0.06543612480163574
5,5,1,0.0668940544128418
8,5,1,0.07220315933227539
13,5,1,0.07046818733215332
3,5,1,0.0726780891418457
16,5,1,0.05841875076293945
12,5,1,0.0826570987701416
4,5,1,0.06335806846618652
9,5,1,0.06291484832763672
1,5,12,0.06629300117492676
14,5,1,0.08040809631347656
6,5,12,0.07509779930114746
5,5,12,0.06098198890686035
2,5,12,0.06729483604431152
11,5,1,0.08298611640930176
10,5,1,0.08077597618103027
7,5,1,0.08387112617492676
8,5,12,0.06595301628112793
16,5,12,0.06296086311340332
3,5,12,0.0642390251159668
13,5,12,0.0800468921661377
12,5,12,0.053832054138183594
15,5,1,0.10937118530273438
4,5,12,0.05322003364562988
9,5,12,0.07987403869628906
1,5,13,0.07627177238464355
14,5,12,0.06597614288330078
6,5,13,0.06405401229858398
3,5,13,0.08646798133850098
8,5,13,0.08775091171264648
2,5,13,0.10044693946838379
4,5,13,0.07538414001464844
12,5,13,0.07856893539428711
10,5,12,0.10467410087585449
15,5,12,0.08268380165100098
11,5,12,0.10418176651000977
7,5,12,0.10549402236938477
16,5,13,0.10110020637512207
9,5,13,0.05809497833251953
5,5,13,0.11304187774658203
1,5,21,0.07711005210876465
14,5,13,0.07288122177124023
6,5,21,0.07419300079345703
13,5,13,0.1417999267578125
15,5,13,0.07454705238342285
3,5,21,0.09059929847717285
2,5,21,0.08597397804260254
8,5,21,0.09584474563598633
10,5,13,0.08440494537353516
12,5,21,0.08825302124023438
11,5,13,0.07933521270751953
16,5,21,0.084014892578125
7,5,13,0.08225083351135254
9,5,21,0.0875091552734375
4,5,21,0.09862709045410156
5,5,21,0.08790707588195801
1,5,20,0.09427571296691895
6,5,20,0.09242081642150879
14,5,21,0.09491729736328125
13,5,21,0.0887448787689209
3,5,20,0.08796381950378418
15,5,21,0.09148311614990234
2,5,20,0.0919029712677002
5,5,20,0.0958409309387207
8,5,20,0.10324406623840332
16,5,20,0.10663127899169922
12,5,20,0.11544418334960938
7,5,21,0.11559319496154785
10,5,21,0.119110107421875
11,5,21,0.11993789672851562
9,5,20,0.11658382415771484
4,5,20,0.11516594886779785
1,5,7,0.09608078002929688
6,5,7,0.0977318286895752
14,5,20,0.09863400459289551
13,5,20,0.09103107452392578
3,5,7,0.07115387916564941
2,5,7,0.07133293151855469
15,5,20,0.08940601348876953
8,5,7,0.06670999526977539
16,5,7,0.07656407356262207
5,5,7,0.08016490936279297
12,5,7,0.07229113578796387
9,5,7,0.06780815124511719
4,5,7,0.06847190856933594
1,5,6,0.0701289176940918
7,5,20,0.09438204765319824
11,5,20,0.09402799606323242
10,5,20,0.09408307075500488
6,5,6,0.09338498115539551
14,5,7,0.09545588493347168
13,5,7,0.09058403968811035
2,5,6,0.08455395698547363
5,5,6,0.057428836822509766
16,5,6,0.05795001983642578
3,5,6,0.08817815780639648
8,5,6,0.07745003700256348
15,5,7,0.0787360668182373
12,5,6,0.06412100791931152
9,5,6,0.0757448673248291
4,5,6,0.07570195198059082
1,5,15,0.0702970027923584
11,5,7,0.0751948356628418
6,5,15,0.06665897369384766
7,5,7,0.07699298858642578
10,5,7,0.07596707344055176
14,5,6,0.06464505195617676
2,5,15,0.07963180541992188
16,5,15,0.08209800720214844
12,5,15,0.07461190223693848
15,5,6,0.0741109848022461
5,5,15,0.08539009094238281
8,5,15,0.08072400093078613
13,5,6,0.09168672561645508
3,5,15,0.09615635871887207
9,5,15,0.08111405372619629
4,5,15,0.08152103424072266
7,5,6,0.05954623222351074
11,5,6,0.06935691833496094
10,5,6,0.06856083869934082
14,5,15,0.06753683090209961
1,5,14,0.11594080924987793
6,5,14,0.11037516593933105
13,5,15,0.08272480964660645
15,5,15,0.08809399604797363
7,5,15,0.0656290054321289
11,5,15,0.07289981842041016
10,5,15,0.07495808601379395
16,5,14,0.11012816429138184
8,5,14,0.10480308532714844
12,5,14,0.12719202041625977
9,5,14,0.10628986358642578
5,5,14,0.1257312297821045
1,5,9,0.06609892845153809
3,5,14,0.1205289363861084
2,5,14,0.14837884902954102
14,5,14,0.1181788444519043
4,5,14,0.13083910942077637
6,5,9,0.07590603828430176
16,5,9,0.07720708847045898
8,5,9,0.07743978500366211
5,5,9,0.05925130844116211
9,5,9,0.06090402603149414
3,5,9,0.06856179237365723
12,5,9,0.07549691200256348
1,5,8,0.06979823112487793
4,5,9,0.059422969818115234
2,5,9,0.06453490257263184
14,5,9,0.06959891319274902
7,5,14,0.12325501441955566
10,5,14,0.11284399032592773
11,5,14,0.11467909812927246
13,5,14,0.12576007843017578
15,5,14,0.14009976387023926
6,5,8,0.07406377792358398
16,5,8,0.05676388740539551
5,5,8,0.056572914123535156
9,5,8,0.05899477005004883
8,5,8,0.060175180435180664
1,5,11,0.05687713623046875
12,5,8,0.06104922294616699
3,5,8,0.06530523300170898
2,5,8,0.06532788276672363
14,5,8,0.062371015548706055
4,5,8,0.0717470645904541
11,5,9,0.06298613548278809
7,5,9,0.06504297256469727
6,5,11,0.054460763931274414
10,5,9,0.06664514541625977
15,5,9,0.05897784233093262
13,5,9,0.07093119621276855
9,5,11,0.05159187316894531
5,5,11,0.05519580841064453
16,5,11,0.06193208694458008
8,5,11,0.06008005142211914
12,5,11,0.0561518669128418
3,5,11,0.05426383018493652
2,5,11,0.057930946350097656
1,5,10,0.07887530326843262
7,5,8,0.0610048770904541
4,5,11,0.0642240047454834
14,5,11,0.0646200180053711
11,5,8,0.08185601234436035
15,5,8,0.07545614242553711
13,5,8,0.07864785194396973
10,5,8,0.08399677276611328
5,5,10,0.13457989692687988
6,5,10,0.15722012519836426
8,5,10,0.1420431137084961
16,5,10,0.15230417251586914
9,5,10,0.16165518760681152
15,5,11,0.09619307518005371
10,5,11,0.10160613059997559
11,5,11,0.10640621185302734
7,5,11,0.1448221206665039
13,5,11,0.13545918464660645
1,5,3,0.16808772087097168
3,5,10,0.20762395858764648
2,5,10,0.2165999412536621
5,5,3,0.13657498359680176
6,5,3,0.1383056640625
9,5,3,0.14998412132263184
12,5,10,0.29291200637817383
16,5,3,0.15930390357971191
8,5,3,0.17464900016784668
4,5,10,0.30252790451049805
14,5,10,0.3130812644958496
3,5,3,0.14117980003356934
2,5,3,0.12253689765930176
15,5,10,0.2266099452972412
12,5,3,0.10511207580566406
1,5,2,0.22140908241271973
10,5,10,0.25536108016967773
5,5,2,0.16585803031921387
6,5,2,0.15299010276794434
13,5,10,0.23186111450195312
7,5,10,0.2535531520843506
9,5,2,0.14058589935302734
14,5,3,0.09113502502441406
16,5,2,0.13806486129760742
8,5,2,0.1358797550201416
4,5,3,0.12851381301879883
2,5,2,0.13109397888183594
15,5,3,0.12025904655456543
11,5,10,0.3392949104309082
10,5,3,0.08744597434997559
13,5,3,0.07848000526428223
7,5,3,0.08966779708862305
6,5,16,0.10098695755004883
8,5,16,0.10257792472839355
5,5,16,0.12682604789733887
16,5,16,0.12040996551513672
9,5,16,0.12482619285583496
3,5,2,0.20676207542419434
1,5,16,0.15587186813354492
11,5,3,0.07786178588867188
12,5,2,0.18722891807556152
6,5,17,0.06869387626647949
14,5,2,0.15821003913879395
4,5,2,0.15066909790039062
2,5,16,0.12197685241699219
5,5,17,0.0749208927154541
16,5,17,0.06317591667175293
9,5,17,0.0758519172668457
13,5,2,0.13742494583129883
7,5,2,0.1254270076751709
1,5,17,0.07902312278747559
6,5,22,0.05780196189880371
8,5,17,0.12874579429626465
2,5,17,0.06855487823486328
5,5,22,0.07155823707580566
11,5,2,0.12295293807983398
14,5,16,0.10872697830200195
9,5,22,0.09102416038513184
10,5,2,0.22849416732788086
15,5,2,0.2337048053741455
6,5,4,0.08686494827270508
3,5,16,0.1760258674621582
16,5,22,0.11343884468078613
1,5,22,0.08951020240783691
12,5,16,0.1533968448638916
4,5,16,0.13017511367797852
8,5,22,0.07002425193786621
2,5,22,0.06485199928283691
13,5,16,0.12267208099365234
7,5,16,0.13547897338867188
5,5,4,0.08641290664672852
14,5,17,0.08014392852783203
9,5,4,0.07324028015136719
3,5,17,0.06067013740539551
12,5,17,0.06109285354614258
16,5,4,0.06798100471496582
6,5,5,0.0699012279510498
1,5,4,0.06374120712280273
8,5,4,0.08045697212219238
4,5,17,0.08164787292480469
2,5,4,0.07876992225646973
13,5,17,0.0687248706817627
7,5,17,0.05632901191711426
5,5,5,0.054087162017822266
11,5,16,0.13785600662231445
15,5,16,0.12076592445373535
14,5,22,0.08199191093444824
3,5,22,0.06302309036254883
10,5,16,0.13830971717834473
9,5,5,0.06644725799560547
12,5,22,0.07788395881652832
16,5,5,0.07927703857421875
1,5,5,0.07903003692626953
2,5,5,0.06485509872436523
13,5,22,0.06909418106079102
4,5,22,0.07226300239562988
8,5,5,0.07413601875305176
7,5,22,0.06372904777526855
11,5,17,0.08210897445678711
15,5,17,0.0685570240020752
14,5,4,0.0608828067779541
3,5,4,0.0615391731262207
10,5,17,0.05821800231933594
12,5,4,0.06036567687988281
13,5,4,0.07444381713867188
7,5,4,0.07378602027893066
4,5,4,0.07496404647827148
3,5,5,0.05234694480895996
11,5,22,0.06485891342163086
15,5,22,0.06534767150878906
10,5,22,0.05974316596984863
14,5,5,0.07808899879455566
12,5,5,0.05894207954406738
7,5,5,0.06996607780456543
13,5,5,0.07125711441040039
10,5,4,0.05978107452392578
11,5,4,0.06201505661010742
4,5,5,0.07174515724182129
15,5,5,0.06232595443725586
10,5,5,0.06383776664733887
11,5,5,0.06279706954956055
5,6,18,0.08264279365539551
3,6,18,0.07965493202209473
7,6,18,0.08722996711730957
2,6,18,0.08504486083984375
4,6,18,0.1031951904296875
16,6,18,0.09894871711730957
11,6,18,0.10298633575439453
6,6,18,0.12129998207092285
8,6,18,0.12611937522888184
5,6,19,0.06500506401062012
14,6,18,0.13517498970031738
15,6,18,0.14757728576660156
7,6,19,0.0640707015991211
1,6,18,0.1570899486541748
9,6,18,0.16625595092773438
13,6,18,0.15422987937927246
12,6,18,0.14965391159057617
3,6,19,0.08338594436645508
16,6,19,0.06632399559020996
4,6,19,0.0672309398651123
10,6,18,0.16602325439453125
2,6,19,0.08988595008850098
11,6,19,0.07258009910583496
8,6,19,0.06714606285095215
15,6,19,0.06219291687011719
7,6,1,0.06160926818847656
13,6,19,0.07596206665039062
3,6,1,0.07036590576171875
6,6,19,0.11282086372375488
4,6,1,0.07269978523254395
5,6,1,0.10330700874328613
10,6,19,0.07384610176086426
9,6,19,0.09440732002258301
14,6,19,0.1047360897064209
12,6,19,0.09249401092529297
1,6,19,0.10936117172241211
2,6,1,0.08730220794677734
16,6,1,0.10259675979614258
11,6,1,0.09569406509399414
3,6,12,0.1252422332763672
4,6,12,0.1141672134399414
13,6,1,0.1305379867553711
1,6,1,0.10500407218933105
15,6,1,0.1556849479675293
16,6,12,0.0934438705444336
10,6,1,0.11767101287841797
7,6,12,0.15833330154418945
5,6,12,0.12304925918579102
6,6,1,0.13381576538085938
9,6,1,0.12720584869384766
12,6,1,0.12736105918884277
11,6,12,0.10635089874267578
2,6,12,0.1205439567565918
14,6,1,0.14991211891174316
3,6,13,0.06837821006774902
4,6,13,0.09789299964904785
1,6,12,0.09419107437133789
16,6,13,0.08953714370727539
7,6,13,0.08881282806396484
15,6,12,0.09226489067077637
6,6,12,0.10604572296142578
5,6,13,0.11869406700134277
10,6,12,0.12130093574523926
13,6,12,0.1322641372680664
12,6,12,0.1453380584716797
11,6,13,0.147918701171875
3,6,21,0.10459709167480469
1,6,13,0.07530975341796875
9,6,12,0.16603493690490723
6,6,13,0.06232118606567383
4,6,21,0.08947587013244629
2,6,13,0.16966605186462402
15,6,13,0.09625005722045898
13,6,13,0.07425403594970703
16,6,21,0.1092219352722168
14,6,12,0.1684269905090332
10,6,13,0.08788466453552246
12,6,13,0.06071805953979492
7,6,21,0.1270310878753662
3,6,20,0.06108403205871582
1,6,21,0.06567001342773438
5,6,21,0.12206292152404785
8,6,1,0.4236109256744385
11,6,21,0.12357592582702637
4,6,20,0.10787677764892578
15,6,21,0.09434819221496582
2,6,21,0.10728907585144043
6,6,21,0.1173708438873291
9,6,13,0.11992216110229492
13,6,21,0.0952000617980957
14,6,13,0.11348295211791992
8,6,12,0.06504988670349121
10,6,21,0.11151480674743652
7,6,20,0.11841416358947754
3,6,7,0.12306928634643555
4,6,7,0.0658111572265625
12,6,21,0.1387779712677002
2,6,20,0.07401919364929199
11,6,20,0.08184599876403809
5,6,20,0.1227569580078125
8,6,13,0.06052279472351074
9,6,21,0.08048582077026367
6,6,20,0.08587121963500977
1,6,20,0.15219974517822266
13,6,20,0.08680415153503418
14,6,21,0.06974911689758301
15,6,20,0.11052799224853516
7,6,7,0.06342101097106934
10,6,20,0.07838582992553711
3,6,6,0.0675802230834961
4,6,6,0.06264901161193848
12,6,20,0.08476686477661133
5,6,7,0.08497309684753418
11,6,7,0.08664298057556152
6,6,7,0.07845091819763184
13,6,7,0.0731499195098877
3,6,15,0.049689292907714844
10,6,7,0.060478925704956055
4,6,15,0.06509065628051758
9,6,20,0.11103320121765137
14,6,20,0.10401010513305664
8,6,21,0.1164088249206543
2,6,7,0.13051795959472656
1,6,7,0.1155083179473877
7,6,6,0.09860730171203613
15,6,7,0.10434412956237793
16,6,20,0.30089306831359863
12,6,7,0.07134675979614258
11,6,6,0.05983161926269531
6,6,6,0.05905628204345703
3,6,14,0.059209346771240234
5,6,6,0.06716299057006836
10,6,6,0.06963491439819336
1,6,6,0.055565834045410156
4,6,14,0.07769203186035156
13,6,6,0.10788202285766602
15,6,6,0.06591010093688965
8,6,20,0.07577395439147949
12,6,6,0.055699825286865234
3,6,9,0.052414894104003906
5,6,15,0.05568099021911621
11,6,15,0.06400513648986816
9,6,7,0.09190678596496582
16,6,7,0.09562993049621582
2,6,6,0.10214495658874512
7,6,15,0.09828400611877441
6,6,15,0.08424115180969238
10,6,15,0.06932926177978516
14,6,7,0.11413693428039551
1,6,15,0.08556699752807617
9,6,6,0.12015581130981445
14,6,6,0.09740996360778809
12,6,15,0.13167214393615723
6,6,14,0.09968996047973633
1,6,14,0.06508111953735352
3,6,8,0.13218283653259277
7,6,14,0.10936093330383301
5,6,14,0.1306469440460205
16,6,6,0.11232900619506836
8,6,7,0.1426410675048828
10,6,14,0.11018610000610352
11,6,14,0.13509488105773926
13,6,15,0.14762520790100098
2,6,15,0.11697721481323242
15,6,15,0.15854787826538086
12,6,14,0.09263777732849121
3,6,11,0.08765506744384766
9,6,15,0.09853196144104004
2,6,14,0.08098506927490234
16,6,15,0.08696913719177246
11,6,9,0.08565688133239746
14,6,15,0.09913396835327148
6,6,9,0.09516716003417969
8,6,6,0.09315681457519531
5,6,9,0.09306597709655762
13,6,14,0.09266495704650879
10,6,9,0.09879207611083984
15,6,14,0.09154391288757324
7,6,9,0.10712289810180664
4,6,9,0.27239298820495605
1,6,9,0.12088799476623535
9,6,14,0.06689310073852539
8,6,15,0.0559539794921875
16,6,14,0.06809878349304199
6,6,8,0.06913280487060547
2,6,9,0.07194805145263672
10,6,8,0.06694889068603516
12,6,9,0.08572793006896973
14,6,14,0.07793593406677246
1,6,8,0.06343603134155273
4,6,8,0.06564497947692871
11,6,8,0.08881902694702148
7,6,8,0.08159589767456055
15,6,9,0.08836197853088379
5,6,8,0.10344171524047852
13,6,9,0.09592962265014648
3,6,10,0.11173415184020996
9,6,9,0.06683015823364258
6,6,11,0.06086397171020508
8,6,14,0.06933403015136719
10,6,11,0.058528900146484375
16,6,9,0.0663301944732666
12,6,8,0.05913209915161133
1,6,11,0.06712698936462402
4,6,11,0.06767702102661133
2,6,8,0.08952212333679199
5,6,11,0.05754280090332031
11,6,11,0.07294702529907227
13,6,8,0.06656408309936523
14,6,9,0.08809328079223633
7,6,11,0.07803797721862793
15,6,8,0.07439112663269043
3,6,3,0.06793618202209473
9,6,8,0.07146191596984863
12,6,11,0.06545901298522949
8,6,9,0.07000613212585449
16,6,8,0.07282495498657227
2,6,11,0.07216787338256836
5,6,10,0.07422995567321777
6,6,10,0.1262531280517578
10,6,10,0.1446070671081543
1,6,10,0.1369459629058838
4,6,10,0.1413130760192871
11,6,10,0.12975478172302246
15,6,11,0.1224372386932373
9,6,11,0.0989999771118164
16,6,11,0.09334897994995117
8,6,8,0.10065412521362305
5,6,3,0.08239912986755371
6,6,3,0.07098698616027832
12,6,10,0.13789677619934082
2,6,10,0.1130979061126709
1,6,3,0.06465005874633789
14,6,8,0.18112587928771973
3,6,2,0.17926406860351562
7,6,10,0.2141580581665039
8,6,11,0.0880126953125
10,6,3,0.11283493041992188
11,6,3,0.10238790512084961
4,6,3,0.10600805282592773
12,6,3,0.07839703559875488
9,6,10,0.12212896347045898
14,6,11,0.07212591171264648
16,6,10,0.12822484970092773
13,6,11,0.27017688751220703
5,6,2,0.12596917152404785
15,6,10,0.1473379135131836
2,6,3,0.10369110107421875
7,6,3,0.06456804275512695
6,6,2,0.13543701171875
8,6,10,0.0856020450592041
16,6,3,0.0684959888458252
9,6,3,0.0816950798034668
3,6,16,0.1485590934753418
10,6,2,0.12006783485412598
15,6,3,0.0732421875
1,6,2,0.1703660488128662
4,6,2,0.12624287605285645
11,6,2,0.1374220848083496
14,6,10,0.12232089042663574
8,6,3,0.07222509384155273
3,6,17,0.0568389892578125
5,6,16,0.11977314949035645
12,6,2,0.14714789390563965
6,6,16,0.10288310050964355
13,6,10,0.14153194427490234
7,6,2,0.15085601806640625
2,6,2,0.1692218780517578
3,6,22,0.05739331245422363
10,6,16,0.11773324012756348
9,6,2,0.13470005989074707
14,6,3,0.09062790870666504
11,6,16,0.10593891143798828
6,6,17,0.0803070068359375
5,6,17,0.08608818054199219
1,6,16,0.1414191722869873
8,6,2,0.11769914627075195
12,6,16,0.10476112365722656
16,6,2,0.17146897315979004
15,6,2,0.15194177627563477
4,6,16,0.1557319164276123
13,6,3,0.0965719223022461
10,6,17,0.06859707832336426
3,6,4,0.08000993728637695
11,6,17,0.07232522964477539
5,6,22,0.06418013572692871
6,6,22,0.06643223762512207
1,6,17,0.07409191131591797
2,6,16,0.12969207763671875
691c36 tÈ?   K8923 çt Â? 7,6,16,0.14823508262634277
14,6,2,0.14138412475585938
9,6,16,0.14429903030395508
10,6,22,0.08912086486816406
5,6,4,0.07531023025512695
3,6,5,0.09149503707885742
4,6,17,0.12460017204284668
1,6,22,0.06750679016113281
12,6,17,0.13592195510864258
6,6,4,0.09541082382202148
11,6,22,0.10236859321594238
2,6,17,0.06905770301818848
7,6,17,0.08297395706176758
8,6,16,0.16628193855285645
16,6,16,0.1742410659790039
15,6,16,0.18474602699279785
9,6,17,0.0738518238067627
5,6,5,0.07291603088378906
10,6,4,0.07663679122924805
12,6,22,0.05842304229736328
1,6,4,0.05970478057861328
13,6,2,0.18881797790527344
6,6,5,0.05987715721130371
2,6,22,0.061077117919921875
4,6,22,0.07269811630249023
11,6,4,0.07202410697937012
14,6,16,0.10842204093933105
8,6,17,0.06781005859375
16,6,17,0.05693316459655762
7,6,22,0.07634568214416504
15,6,17,0.0699470043182373
10,6,5,0.06407403945922852
1,6,5,0.06374692916870117
9,6,22,0.0749361515045166
2,6,4,0.05931282043457031
12,6,4,0.07532095909118652
4,6,4,0.0625619888305664
14,6,17,0.06408977508544922
11,6,5,0.06633806228637695
8,6,22,0.07502412796020508
16,6,22,0.08043193817138672
13,6,16,0.11345911026000977
7,6,4,0.07509207725524902
9,6,4,0.06915688514709473
12,6,5,0.06354308128356934
15,6,22,0.07903695106506348
2,6,5,0.06939983367919922
4,6,5,0.06465005874633789
14,6,22,0.0788719654083252
13,6,17,0.0688931941986084
8,6,4,0.07674860954284668
7,6,5,0.07515811920166016
9,6,5,0.0569610595703125
15,6,4,0.0544741153717041
16,6,4,0.0922391414642334
14,6,4,0.07293224334716797
8,6,5,0.06396222114562988
15,6,5,0.05888628959655762
13,6,22,0.09006595611572266
16,6,5,0.06917190551757812
14,6,5,0.0791330337524414
13,6,4,0.07682418823242188
13,6,5,0.08089399337768555
